Pos,WT_AA,Class,Structure,Cluster
60,K,(+),IC1,1
64,L,Hydrophobic,IC1,1
71,F,Aromatic,IC1,1
72,I,Hydrophobic,TM2,1
114,V,Hydrophobic,TM3,1
121,I,Hydrophobic,TM3,1
127,I,Hydrophobic,TM3,1
169,I,Hydrophobic,TM4,1
173,W,Aromatic,TM4,1
185,Y,Aromatic,EC2,1
199,Y,Aromatic,TM5,1
208,F,Aromatic,TM5,1
215,M,Hydrophobic,TM5,1
222,V,Hydrophobic,IC3,1
289,F,Aromatic,TM6,1
290,F,Aromatic,TM6,1
313,W,Aromatic,TM7,1
316,Y,Aromatic,TM7,1
321,F,Aromatic,TM7,1
325,I,Hydrophobic,TM7,1
326,Y,Aromatic,TM7,1
332,F,Aromatic,C-term,1
47,I,Hydrophobic,TM1,2
51,N,Amide,TM1,2
63,R,(+),IC1,2
74,S,Nucleophilic,TM2,2
75,L,Hydrophobic,TM2,2
78,A,Small,TM2,2
79,D,(-),TM2,2
82,M,Hydrophobic,TM2,2
83,G,Small,TM2,2
86,V,Hydrophobic,TM2,2
88,P,Proline,TM2,2
99,W,Aromatic,EC1,2
102,G,Small,EC1,2
106,C,Nucleophilic,EC1,2
113,D,(-),TM3,2
117,V,Hydrophobic,TM3,2
118,T,Nucleophilic,TM3,2
119,A,Small,TM3,2
120,S,Nucleophilic,TM3,2
128,A,Small,TM3,2
158,W,Aromatic,TM4,2
161,S,Nucleophilic,TM4,2
165,S,Nucleophilic,TM4,2
168,P,Proline,TM4,2
181,A,Small,EC2,2
184,C,Nucleophilic,EC2,2
190,C,Nucleophilic,EC2,2
191,C,Nucleophilic,EC2,2
203,S,Nucleophilic,TM5,2
204,S,Nucleophilic,TM5,2
211,P,Proline,TM5,2
286,W,Aromatic,TM6,2
288,P,Proline,TM6,2
312,N,Amide,TM7,2
315,G,Small,TM7,2
318,N,Amide,TM7,2
319,S,Nucleophilic,TM7,2
322,N,Amide,TM7,2
323,P,Proline,TM7,2
69,N,Amide,IC1,2
207,S,Nucleophilic,TM5,2
36,M,Hydrophobic,TM1,3
37,G,Small,TM1,3
38,I,Hydrophobic,TM1,3
39,V,Hydrophobic,TM1,3
40,M,Hydrophobic,TM1,3
42,L,Hydrophobic,TM1,3
43,I,Hydrophobic,TM1,3
48,V,Hydrophobic,TM1,3
49,F,Aromatic,TM1,3
52,V,Hydrophobic,TM1,3
53,L,Hydrophobic,TM1,3
54,V,Hydrophobic,TM1,3
55,I,Hydrophobic,TM1,3
57,A,Small,TM1,3
58,I,Hydrophobic,TM1,3
66,T,Nucleophilic,IC1,3
76,A,Small,TM2,3
77,C,Nucleophilic,TM2,3
80,L,Hydrophobic,TM2,3
81,V,Hydrophobic,TM2,3
84,L,Hydrophobic,TM2,3
85,A,Small,TM2,3
87,V,Hydrophobic,TM2,3
89,F,Aromatic,TM2,3
91,A,Small,TM2,3
101,F,Aromatic,EC1,3
105,W,Aromatic,EC1,3
108,F,Aromatic,TM3,3
109,W,Aromatic,TM3,3
111,S,Nucleophilic,TM3,3
112,I,Hydrophobic,TM3,3
115,L,Hydrophobic,TM3,3
116,C,Nucleophilic,TM3,3
123,T,Nucleophilic,TM3,3
124,L,Hydrophobic,TM3,3
125,C,Nucleophilic,TM3,3
126,V,Hydrophobic,TM3,3
129,V,Hydrophobic,TM3,3
130,D,(-),IC2,3
131,R,(+),IC2,3
132,Y,Aromatic,IC2,3
135,I,Hydrophobic,IC2,3
139,F,Aromatic,IC2,3
150,A,Small,IC2,3
153,I,Hydrophobic,TM4,3
154,I,Hydrophobic,TM4,3
155,L,Hydrophobic,TM4,3
157,V,Hydrophobic,TM4,3
159,I,Hydrophobic,TM4,3
160,V,Hydrophobic,TM4,3
162,G,Small,TM4,3
163,L,Hydrophobic,TM4,3
164,T,Nucleophilic,TM4,3
166,F,Aromatic,TM4,3
167,L,Hydrophobic,TM4,3
202,A,Small,TM5,3
209,Y,Aromatic,TM5,3
212,L,Hydrophobic,TM5,3
213,V,Hydrophobic,TM5,3
214,I,Hydrophobic,TM5,3
216,V,Hydrophobic,TM5,3
219,Y,Aromatic,TM5,3
226,A,Small,IC3,3
229,Q,Amide,IC3,3
275,L,Hydrophobic,TM6,3
276,G,Small,TM6,3
277,I,Hydrophobic,TM6,3
278,I,Hydrophobic,TM6,3
279,M,Hydrophobic,TM6,3
280,G,Small,TM6,3
281,T,Nucleophilic,TM6,3
282,F,Aromatic,TM6,3
283,T,Nucleophilic,TM6,3
284,L,Hydrophobic,TM6,3
285,C,Nucleophilic,TM6,3
287,L,Hydrophobic,TM6,3
291,I,Hydrophobic,TM6,3
292,V,Hydrophobic,TM6,3
295,V,Hydrophobic,TM6,3
311,L,Hydrophobic,TM7,3
314,I,Hydrophobic,TM7,3
317,V,Hydrophobic,TM7,3
320,G,Small,TM7,3
324,L,Hydrophobic,TM7,3
327,C,Nucleophilic,TM7,3
335,A,Small,C-term,3
336,F,Aromatic,C-term,3
339,L,Hydrophobic,C-term,3
340,L,Hydrophobic,C-term,3
138,P,Proline,IC2,4
141,Y,Aromatic,IC2,4
147,K,(+),IC2,4
178,H,(+),EC2,4
193,F,Aromatic,EC2,4
196,N,Amide,EC2,4
201,I,Hydrophobic,TM5,4
221,R,(+),IC3,4
233,I,Hydrophobic,IC3,4
270,K,(+),IC3,4
271,A,Small,IC3,4
293,N,Amide,TM6,4
294,I,Hydrophobic,TM6,4
303,I,Hydrophobic,EC3,4
308,Y,Aromatic,TM7,4
6,N,Amide,N-term,5
10,F,Aromatic,N-term,5
22,H,(+),N-term,5
32,W,Aromatic,N-term,5
34,V,Hydrophobic,N-term,5
56,T,Nucleophilic,TM1,5
59,A,Small,IC1,5
61,F,Aromatic,IC1,5
65,Q,Amide,IC1,5
70,Y,Aromatic,IC1,5
73,T,Nucleophilic,TM2,5
90,G,Small,TM2,5
92,A,Small,TM2,5
93,H,(+),TM2,5
94,I,Hydrophobic,TM2,5
95,L,Hydrophobic,TM2,5
107,E,(-),TM3,5
110,T,Nucleophilic,TM3,5
122,E,(-),TM3,5
133,F,Aromatic,IC2,5
134,A,Small,IC2,5
145,L,Hydrophobic,IC2,5
146,T,Nucleophilic,IC2,5
149,K,(+),IC2,5
152,V,Hydrophobic,TM4,5
156,M,Hydrophobic,TM4,5
170,Q,Amide,TM4,5
171,M,Hydrophobic,TM4,5
172,H,(+),TM4,5
174,Y,Aromatic,TM4,5
175,R,(+),EC2,5
182,I,Hydrophobic,EC2,5
183,N,Amide,EC2,5
186,A,Small,EC2,5
187,N,Amide,EC2,5
205,I,Hydrophobic,TM5,5
206,V,Hydrophobic,TM5,5
210,V,Hydrophobic,TM5,5
218,V,Hydrophobic,TM5,5
223,F,Aromatic,IC3,5
225,E,(-),IC3,5
227,K,(+),IC3,5
228,R,(+),IC3,5
230,L,Hydrophobic,IC3,5
231,Q,Amide,IC3,5
235,K,(+),IC3,5
236,S,Nucleophilic,IC3,5
240,F,Aromatic,IC3,5
253,R,(+),IC3,5
258,L,Hydrophobic,IC3,5
261,S,Nucleophilic,IC3,5
264,F,Aromatic,IC3,5
272,L,Hydrophobic,IC3,5
273,K,(+),IC3,5
298,I,Hydrophobic,TM6,5
306,E,(-),TM7,5
309,I,Hydrophobic,TM7,5
328,R,(+),TM7,5
329,S,Nucleophilic,TM7,5
331,D,(-),C-term,5
333,R,(+),C-term,5
337,Q,Amide,C-term,5
338,E,(-),C-term,5
360,T,Nucleophilic,C-term,5
369,E,(-),C-term,5
373,E,(-),C-term,5
384,T,Nucleophilic,C-term,5
400,D,(-),C-term,5
410,D,(-),C-term,5
2,G,Small,N-term,6
3,Q,Amide,N-term,6
4,P,Proline,N-term,6
5,G,Small,N-term,6
7,G,Small,N-term,6
8,S,Nucleophilic,N-term,6
9,A,Small,N-term,6
11,L,Hydrophobic,N-term,6
12,L,Hydrophobic,N-term,6
13,A,Small,N-term,6
14,P,Proline,N-term,6
15,N,Amide,N-term,6
16,G,Small,N-term,6
17,S,Nucleophilic,N-term,6
18,H,(+),N-term,6
19,A,Small,N-term,6
20,P,Proline,N-term,6
21,D,(-),N-term,6
23,D,(-),N-term,6
24,V,Hydrophobic,N-term,6
25,T,Nucleophilic,N-term,6
26,Q,Amide,N-term,6
27,E,(-),N-term,6
28,R,(+),N-term,6
29,D,(-),N-term,6
30,E,(-),N-term,6
31,V,Hydrophobic,N-term,6
33,V,Hydrophobic,N-term,6
35,G,Small,TM1,6
41,S,Nucleophilic,TM1,6
44,V,Hydrophobic,TM1,6
45,L,Hydrophobic,TM1,6
46,A,Small,TM1,6
50,G,Small,TM1,6
62,E,(-),IC1,6
67,V,Hydrophobic,IC1,6
68,T,Nucleophilic,IC1,6
96,M,Hydrophobic,EC1,6
97,K,(+),EC1,6
98,M,Hydrophobic,EC1,6
100,T,Nucleophilic,EC1,6
103,N,Amide,EC1,6
104,F,Aromatic,EC1,6
136,T,Nucleophilic,IC2,6
137,S,Nucleophilic,IC2,6
140,K,(+),IC2,6
142,Q,Amide,IC2,6
143,S,Nucleophilic,IC2,6
144,L,Hydrophobic,IC2,6
148,N,Amide,IC2,6
151,R,(+),TM4,6
176,A,Small,EC2,6
177,T,Nucleophilic,EC2,6
179,Q,Amide,EC2,6
180,E,(-),EC2,6
188,E,(-),EC2,6
189,T,Nucleophilic,EC2,6
192,D,(-),EC2,6
194,F,Aromatic,EC2,6
195,T,Nucleophilic,EC2,6
197,Q,Amide,TM5,6
198,A,Small,TM5,6
200,A,Small,TM5,6
217,F,Aromatic,TM5,6
220,S,Nucleophilic,TM5,6
224,Q,Amide,IC3,6
232,K,(+),IC3,6
234,D,(-),IC3,6
237,E,(-),IC3,6
238,G,Small,IC3,6
239,R,(+),IC3,6
241,H,(+),IC3,6
242,V,Hydrophobic,IC3,6
243,Q,Amide,IC3,6
244,N,Amide,IC3,6
245,L,Hydrophobic,IC3,6
246,S,Nucleophilic,IC3,6
247,Q,Amide,IC3,6
248,V,Hydrophobic,IC3,6
249,E,(-),IC3,6
250,Q,Amide,IC3,6
251,D,(-),IC3,6
252,G,Small,IC3,6
254,T,Nucleophilic,IC3,6
255,G,Small,IC3,6
256,H,(+),IC3,6
257,G,Small,IC3,6
259,R,(+),IC3,6
260,R,(+),IC3,6
262,S,Nucleophilic,IC3,6
263,K,(+),IC3,6
265,C,Nucleophilic,IC3,6
266,L,Hydrophobic,IC3,6
267,K,(+),IC3,6
268,E,(-),IC3,6
269,H,(+),IC3,6
274,T,Nucleophilic,IC3,6
296,H,(+),TM6,6
297,V,Hydrophobic,TM6,6
299,Q,Amide,EC3,6
300,D,(-),EC3,6
301,N,Amide,EC3,6
302,L,Hydrophobic,EC3,6
304,R,(+),EC3,6
305,K,(+),EC3,6
307,V,Hydrophobic,TM7,6
310,L,Hydrophobic,TM7,6
330,P,Proline,C-term,6
334,I,Hydrophobic,C-term,6
341,C,Nucleophilic,C-term,6
342,L,Hydrophobic,C-term,6
343,R,(+),C-term,6
344,R,(+),C-term,6
345,S,Nucleophilic,C-term,6
346,S,Nucleophilic,C-term,6
347,L,Hydrophobic,C-term,6
348,K,(+),C-term,6
349,A,Small,C-term,6
350,Y,Aromatic,C-term,6
351,G,Small,C-term,6
352,N,Amide,C-term,6
353,G,Small,C-term,6
354,Y,Aromatic,C-term,6
355,S,Nucleophilic,C-term,6
356,S,Nucleophilic,C-term,6
357,N,Amide,C-term,6
358,G,Small,C-term,6
359,N,Amide,C-term,6
361,G,Small,C-term,6
362,E,(-),C-term,6
363,Q,Amide,C-term,6
364,S,Nucleophilic,C-term,6
365,G,Small,C-term,6
366,Y,Aromatic,C-term,6
367,H,(+),C-term,6
368,V,Hydrophobic,C-term,6
370,Q,Amide,C-term,6
371,E,(-),C-term,6
372,K,(+),C-term,6
374,N,Amide,C-term,6
375,K,(+),C-term,6
376,L,Hydrophobic,C-term,6
377,L,Hydrophobic,C-term,6
378,C,Nucleophilic,C-term,6
379,E,(-),C-term,6
380,D,(-),C-term,6
381,L,Hydrophobic,C-term,6
382,P,Proline,C-term,6
383,G,Small,C-term,6
385,E,(-),C-term,6
386,D,(-),C-term,6
387,F,Aromatic,C-term,6
388,V,Hydrophobic,C-term,6
389,G,Small,C-term,6
390,H,(+),C-term,6
391,Q,Amide,C-term,6
392,G,Small,C-term,6
393,T,Nucleophilic,C-term,6
394,V,Hydrophobic,C-term,6
395,P,Proline,C-term,6
396,S,Nucleophilic,C-term,6
397,D,(-),C-term,6
398,N,Amide,C-term,6
399,I,Hydrophobic,C-term,6
401,S,Nucleophilic,C-term,6
402,Q,Amide,C-term,6
403,G,Small,C-term,6
404,R,(+),C-term,6
405,N,Amide,C-term,6
406,C,Nucleophilic,C-term,6
407,S,Nucleophilic,C-term,6
408,T,Nucleophilic,C-term,6
409,N,Amide,C-term,6
411,S,Nucleophilic,C-term,6
412,L,Hydrophobic,C-term,6
413,L,Hydrophobic,C-term,6
